Place_Id,Rating,Price,vote_average,vote_count,htm_weekday,htm_weekend,popularity_score,category_id
85.0,0.5,6000,4.5,4846.0,20000.0,20000.0,21807.0,1
86.0,0.5999999999999996,15000,0.0,0.0,0.0,0.0,0.0,2
87.0,0.20000000000000018,20000,4.2,14072.0,20000.0,20000.0,59102.4,1
88.0,0.5999999999999996,3000,0.0,0.0,0.0,0.0,0.0,2
89.0,0.40000000000000036,50000,0.0,0.0,0.0,0.0,0.0,2
90.0,0.5999999999999996,5000,0.0,0.0,0.0,0.0,0.0,1
91.0,0.40000000000000036,0,4.4,5392.0,10000.0,10000.0,23724.800000000003,1
92.0,0.7000000000000002,0,4.7,565.0,10000.0,10000.0,2655.5,1
93.0,0.5,60000,4.5,36337.0,20000.0,25000.0,163516.5,3
94.0,0.5,7000,4.5,718.0,10000.0,10000.0,3231.0,1
95.0,1.0,0,0.0,0.0,0.0,0.0,0.0,1
96.0,0.5999999999999996,0,0.0,0.0,0.0,0.0,0.0,1
97.0,0.5,15000,4.5,11302.0,15000.0,15000.0,50859.0,2
98.0,0.2999999999999998,15000,0.0,0.0,0.0,0.0,0.0,1
99.0,0.40000000000000036,0,0.0,0.0,0.0,0.0,0.0,2
100.0,0.5,0,0.0,0.0,0.0,0.0,0.0,2
101.0,0.0,0,0.0,0.0,0.0,0.0,0.0,2
102.0,0.5,40000,0.0,0.0,0.0,0.0,0.0,2
103.0,0.7000000000000002,0,0.0,0.0,0.0,0.0,0.0,1
104.0,0.40000000000000036,20000,4.4,51431.0,10000.0,10000.0,226296.40000000002,2
105.0,0.40000000000000036,0,4.4,213.0,10000.0,10000.0,937.2,2
106.0,0.7999999999999998,0,0.0,0.0,0.0,0.0,0.0,1
107.0,0.5999999999999996,5000,0.0,0.0,0.0,0.0,0.0,2
108.0,0.40000000000000036,0,4.4,8564.0,2000.0,2000.0,37681.600000000006,1
109.0,0.5,3000,0.0,0.0,0.0,0.0,0.0,1
110.0,0.5999999999999996,3000,0.0,0.0,0.0,0.0,0.0,1
111.0,0.5,3000,0.0,0.0,0.0,0.0,0.0,1
112.0,0.5,25000,0.0,0.0,0.0,0.0,0.0,1
113.0,0.5999999999999996,0,0.0,0.0,0.0,0.0,0.0,2
114.0,0.2999999999999998,30000,4.3,16110.0,30000.0,30000.0,69273.0,1
115.0,0.2999999999999998,15000,0.0,0.0,0.0,0.0,0.0,2
116.0,0.5,2500,4.5,3867.0,0.0,0.0,17401.5,1
117.0,0.20000000000000018,22000,4.2,16201.0,15000.0,15000.0,68044.2,1
118.0,0.5999999999999996,5000,4.6,1711.0,3000.0,3000.0,7870.599999999999,2
119.0,0.40000000000000036,5000,0.0,0.0,0.0,0.0,0.0,2
120.0,0.5,250000,4.5,3245.0,3000.0,3000.0,14602.5,2
121.0,0.7000000000000002,50000,4.7,71751.0,50000.0,50000.0,337229.7,2
122.0,0.40000000000000036,2500,4.4,1282.0,7000.0,7000.0,5640.8,2
123.0,0.2999999999999998,0,4.3,31.0,10000.0,10000.0,133.29999999999998,2
124.0,1.0,0,5.0,7.0,10000.0,10000.0,35.0,2
125.0,0.5999999999999996,0,0.0,0.0,0.0,0.0,0.0,2
126.0,0.2999999999999998,4000,4.3,12755.0,4000.0,4000.0,54846.5,4
127.0,0.2999999999999998,10000,4.3,3585.0,3000.0,3000.0,15415.5,1
128.0,0.5,0,0.0,0.0,0.0,0.0,0.0,1
129.0,0.5,2000,4.5,2600.0,3000.0,3000.0,11700.0,1
130.0,0.40000000000000036,10000,0.0,0.0,0.0,0.0,0.0,1
131.0,0.2999999999999998,5000,0.0,0.0,0.0,0.0,0.0,3
132.0,0.5,20000,4.5,3164.0,3000.0,3000.0,14238.0,3
133.0,0.5999999999999996,5000,4.6,1773.0,8000.0,8000.0,8155.799999999999,1
134.0,0.40000000000000036,10000,4.4,841.0,5000.0,5000.0,3700.4,1
135.0,0.0,0,0.0,0.0,0.0,0.0,0.0,5
136.0,0.5,10000,4.5,1927.0,5000.0,5000.0,8671.5,1
137.0,0.40000000000000036,20000,0.0,0.0,0.0,0.0,0.0,3
138.0,0.40000000000000036,20000,4.4,746.0,20000.0,20000.0,3282.4,1
139.0,0.7000000000000002,10000,0.0,0.0,0.0,0.0,0.0,3
140.0,0.5999999999999996,0,0.0,0.0,0.0,0.0,0.0,1
141.0,0.5,3000,0.0,0.0,0.0,0.0,0.0,3
142.0,0.5999999999999996,0,0.0,0.0,0.0,0.0,0.0,3
143.0,0.5999999999999996,2000,4.6,4223.0,2500.0,2500.0,19425.8,3
144.0,0.5999999999999996,500000,4.6,1064.0,500000.0,500000.0,4894.4,3
145.0,0.09999999999999964,5000,0.0,0.0,0.0,0.0,0.0,1
146.0,0.5,10000,4.5,4287.0,10000.0,10000.0,19291.5,3
147.0,0.5,0,0.0,0.0,0.0,0.0,0.0,2
148.0,0.2999999999999998,5000,0.0,0.0,0.0,0.0,0.0,3
149.0,0.40000000000000036,3000,0.0,0.0,0.0,0.0,0.0,3
150.0,0.7000000000000002,7000,0.0,0.0,0.0,0.0,0.0,2
151.0,0.40000000000000036,0,0.0,0.0,0.0,0.0,0.0,1
152.0,0.09999999999999964,5000,0.0,0.0,0.0,0.0,0.0,4
153.0,0.0,10000,0.0,0.0,0.0,0.0,0.0,4
154.0,0.5,10000,0.0,0.0,0.0,0.0,0.0,4
155.0,0.5999999999999996,5000,4.5,3288.0,5000.0,5000.0,14796.0,4
156.0,0.5,10000,0.0,0.0,0.0,0.0,0.0,4
157.0,0.40000000000000036,10000,0.0,0.0,0.0,0.0,0.0,4
158.0,0.5,10000,4.5,3467.0,10000.0,10000.0,15601.5,4
159.0,0.5,2500,0.0,0.0,0.0,0.0,0.0,3
160.0,0.40000000000000036,0,0.0,0.0,0.0,0.0,0.0,5
161.0,0.7000000000000002,5000,0.0,0.0,0.0,0.0,0.0,3
162.0,0.5,220000,0.0,0.0,0.0,0.0,0.0,2
163.0,0.5,2500,0.0,0.0,0.0,0.0,0.0,3
164.0,0.40000000000000036,2500,4.4,1266.0,5000.0,5000.0,5570.400000000001,3
165.0,0.20000000000000018,2000,0.0,0.0,0.0,0.0,0.0,1
166.0,0.5,6000,4.5,3199.0,10000.0,10000.0,14395.5,3
167.0,0.5,0,4.5,796.0,5000.0,5000.0,3582.0,3
168.0,0.7000000000000002,10000,4.5,2656.0,5000.0,5000.0,11952.0,4
169.0,0.20000000000000018,5000,0.0,0.0,0.0,0.0,0.0,3
170.0,0.7000000000000002,50000,4.7,81922.0,50000.0,50000.0,385033.4,2
171.0,0.5999999999999996,5000,4.7,159.0,5000.0,10000.0,747.3000000000001,2
172.0,0.5,10000,4.4,4793.0,12000.0,12000.0,21089.2,4
173.0,0.40000000000000036,10000,4.4,3192.0,10000.0,10000.0,14044.800000000001,4
174.0,0.5,0,0.0,0.0,0.0,0.0,0.0,5
175.0,0.7000000000000002,100000,0.0,0.0,0.0,0.0,0.0,2
176.0,0.40000000000000036,10000,0.0,0.0,0.0,0.0,0.0,2
177.0,0.5,10000,4.5,8727.0,6000.0,6000.0,39271.5,4
178.0,0.5,40000,0.0,0.0,0.0,0.0,0.0,3
179.0,0.5999999999999996,75000,0.0,0.0,0.0,0.0,0.0,2
180.0,0.2999999999999998,10000,0.0,0.0,0.0,0.0,0.0,4
181.0,0.5,5000,0.0,0.0,0.0,0.0,0.0,4
182.0,0.09999999999999964,5000,0.0,0.0,0.0,0.0,0.0,4
183.0,0.40000000000000036,150000,0.0,0.0,0.0,0.0,0.0,1
184.0,0.40000000000000036,10000,4.4,3130.0,10000.0,10000.0,13772.000000000002,4
185.0,0.5,10000,0.0,0.0,0.0,0.0,0.0,4
186.0,0.40000000000000036,5000,4.4,2004.0,6000.0,6000.0,8817.6,4
187.0,0.5999999999999996,10000,4.6,967.0,10000.0,10000.0,4448.2,4
188.0,0.5999999999999996,10000,0.0,0.0,0.0,0.0,0.0,4
189.0,0.09999999999999964,10000,0.0,0.0,0.0,0.0,0.0,4
190.0,0.0,4000,0.0,0.0,0.0,0.0,0.0,4
191.0,0.5,10000,4.5,8969.0,10000.0,10000.0,40360.5,4
192.0,0.40000000000000036,15000,0.0,0.0,0.0,0.0,0.0,3
193.0,0.5999999999999996,50000,4.6,2968.0,10000.0,10000.0,13652.8,2
194.0,0.5,5000,4.5,6072.0,5000.0,5000.0,27324.0,4
195.0,0.40000000000000036,5000,4.3,758.0,10000.0,10000.0,3259.4,4
196.0,0.40000000000000036,3000,4.4,1876.0,5000.0,5000.0,8254.400000000001,4
197.0,0.5999999999999996,5000,0.0,0.0,0.0,0.0,0.0,4
198.0,0.5999999999999996,5000,0.0,0.0,0.0,0.0,0.0,4
199.0,0.5,5000,0.0,0.0,0.0,0.0,0.0,4
200.0,0.5999999999999996,5000,0.0,0.0,0.0,0.0,0.0,4
201.0,0.5999999999999996,5000,4.6,2296.0,5000.0,5000.0,10561.599999999999,4
202.0,0.5,10000,4.5,3151.0,10000.0,10000.0,14179.5,4
203.0,0.2999999999999998,40000,0.0,0.0,0.0,0.0,0.0,1
204.0,0.40000000000000036,0,4.4,2245.0,50000.0,50000.0,9878.0,1
205.0,0.5,50000,0.0,0.0,0.0,0.0,0.0,1
206.0,0.40000000000000036,8000,0.0,0.0,0.0,0.0,0.0,3
207.0,0.40000000000000036,15000,4.4,13048.0,10000.0,10000.0,57411.200000000004,1
208.0,0.5999999999999996,10000,4.6,5499.0,10000.0,10000.0,25295.399999999998,3
209.0,0.5,10000,0.0,0.0,0.0,0.0,0.0,4
210.0,0.2999999999999998,3000,0.0,0.0,0.0,0.0,0.0,4
